,Time,User,Tweet ID,Tweet FULL
0,2022-11-04 11:48:22+00:00,tineretuerto,1588498384473624576,"Watching Enola Holmes 2 
#enolaholmes2 #EnolaHolmes2 #enolaholmes #EnolaHolmes #milliebobbybrown #louispartridge #henrycavill #helenabonhamcarter #Netflix #netflixandchill #netflixfilm #netflixoriginals #NetflixTudum #movie https://t.co/2Um5Oy1f5A"
1,2022-11-04 11:47:28+00:00,Kaja_Ono,1588498157092339712,"The day has come!
#EnolaHolmesNetflix #enolaholmes #enolaholmes2

@NetflixIT @netflix https://t.co/0ZHAdlew1m"
2,2022-11-04 11:46:25+00:00,evryweeknd,1588497893941719040,"Enola Holmes 2 Review No Spoiler

*Banyak typo, salah tanda baca dan double spasi karena buru2.

#EnolaHolmes2 #EnolaHolmes https://t.co/2hkna8cXF2"
3,2022-11-04 11:45:29+00:00,FilmCompanion,1588497659509108736,"From illustrations to animated moments, snappily-choreographed action scenes and zippy repart√©e, #EnolaHolmes 2 is a fun, light-hearted and well-plotted watch, writes @dpanjana.
https://t.co/nZKP3jzlLB"
4,2022-11-04 11:44:22+00:00,GrangerGryff_,1588497379199967232,"Enola Holmes 2 Review No Spoiler

*Banyak typo, salah tanda baca dan double spasi karena buru2.

#EnolaHolmes2 #EnolaHolmes https://t.co/2hkna8cXF2"
5,2022-11-04 11:44:03+00:00,perumnasiida,1588497297809473536,"Perumahan REIWA TOWN DEPOK berlokasi di kawasan yang tidak memiliki histori banjir! https://t.co/3sJAazULH2
#ReiwaTown #PerumnasIidaGroup #NewJeans #banjir #housing #realestate #kebayamerah #Drake Paige #MARKLEE #TheLinkinJKT Ujan #EnolaHolmes https://t.co/giJnUAyn4O"
6,2022-11-04 11:41:26+00:00,dmellieon,1588496639421198337,"The game's afoot (again). The sequel to #EnolaHolmes - which I also worked on as a consultant - drops today on Netflix, and it's a lot of fun: a family-friendly thriller with a social conscience and a heart as big as Sherlock's brain. Break open the popcorn... #EnolaHolmes2 https://t.co/EMnkZ3RozI"
7,2022-11-04 11:38:56+00:00,Taria0508,1588496011311579136,Behind the scenes of #EnolaHolmes 2 üòç https://t.co/hwOWLP4siw
8,2022-11-04 11:32:56+00:00,ovicio,1588494501806497793,"Segundo filme est√° dispon√≠vel na #Netflix 

#EnolaHolmes

https://t.co/sf9NYuplXT"
9,2022-11-04 11:30:08+00:00,our_winwin,1588493797419528193,"""YOU LOVE ME.
and as it turns out,
I LOVE YOU TOO.""

HELPPPPPPüò≠üíñüíñüíñüíñ

#EnolaHomes2 #EnolaHolmes https://t.co/oI7ZHDlnIK"
10,2022-11-04 11:28:57+00:00,gongzhu2609,1588493499380662273,Up Close and Personal with the British Hottie Louis Partridge https://t.co/g9vaJuCWja #Entertainment #Cutie #EnolaHolmes #HotActor #hottie https://t.co/zQYn1kymwT
11,2022-11-04 11:28:28+00:00,SHolmesPastPres,1588493377871511552,"The game's afoot (again). The sequel to #EnolaHolmes - which I also worked on as a consultant - drops today on Netflix, and it's a lot of fun: a family-friendly thriller with a social conscience and a heart as big as Sherlock's brain. Break open the popcorn... #EnolaHolmes2 https://t.co/EMnkZ3RozI"
12,2022-11-04 11:25:06+00:00,rizaghafas,1588492531343708160,about to go insane #EnolaHolmes https://t.co/a6m6fWzaXo
13,2022-11-04 11:24:15+00:00,euphvriaxz,1588492315232198656,"it was PERFECT. 
the plot was so good and full of twists and the details AHH-
#EnolaHolmes and Sherlock are geniuses.
oh and can we talk about Watson at the very end? i was screaming at the top of my lungs. 
also it‚Äôs a beautiful way to remember those women who fought for justice https://t.co/3wu8hzKi9Z"
14,2022-11-04 11:21:14+00:00,bpwatchsr,1588491558151925761,Behind the scenes of #EnolaHolmes 2 üòç https://t.co/hwOWLP4siw
15,2022-11-04 11:20:06+00:00,ppinkeye,1588491269952925696,"""YOU LOVE ME.
and as it turns out,
I LOVE YOU TOO.""

HELPPPPPPüò≠üíñüíñüíñüíñ

#EnolaHomes2 #EnolaHolmes https://t.co/oI7ZHDlnIK"
16,2022-11-04 11:19:00+00:00,BlinkStationTV,1588490993648762881,#EnolaHolmes 2 j√° est√° dispon√≠vel na @NetflixBrasil üïµÔ∏è‚Äç‚ôÄÔ∏èüïµÔ∏è‚Äç‚ôÄÔ∏è https://t.co/jJiuDpYZFn
17,2022-11-04 11:18:20+00:00,adeniyi_play9ja,1588490825838755841,#EnolaHolmes                        #OverdoseLeFilm https://t.co/ONkgxPq0o9
18,2022-11-04 11:18:16+00:00,GissingGeorge,1588490809686786049,"The game's afoot (again). The sequel to #EnolaHolmes - which I also worked on as a consultant - drops today on Netflix, and it's a lot of fun: a family-friendly thriller with a social conscience and a heart as big as Sherlock's brain. Break open the popcorn... #EnolaHolmes2 https://t.co/EMnkZ3RozI"
19,2022-11-04 11:13:42+00:00,leytonsart,1588489658979450880,"""YOU LOVE ME.
and as it turns out,
I LOVE YOU TOO.""

HELPPPPPPüò≠üíñüíñüíñüíñ

#EnolaHomes2 #EnolaHolmes https://t.co/oI7ZHDlnIK"
20,2022-11-04 11:12:01+00:00,FamilyLifework,1588489237540012032,"I wanna be yours &gt;3 Enola&amp; Tewkesbury 
#EnolaHolmes2 #EnolaHolmes #Louispartridge #MillieBobbyBrown https://t.co/HujS4A1LB5"
21,2022-11-04 11:11:23+00:00,RobertDFBooks,1588489078697332736,"The game's afoot (again). The sequel to #EnolaHolmes - which I also worked on as a consultant - drops today on Netflix, and it's a lot of fun: a family-friendly thriller with a social conscience and a heart as big as Sherlock's brain. Break open the popcorn... #EnolaHolmes2 https://t.co/EMnkZ3RozI"
22,2022-11-04 11:11:18+00:00,sunsetmayfield,1588489057449005056,lord‚Ä¶ sadie.. i cant see shit while im typing thise vug the ending of dear zoe- got my eyes looking like water fountains- such a good movie!! AND ENOLA HOLMES 2 WAS AWESOME TOO!! the plot twists!! #EnolaHolmes #dearzoe
23,2022-11-04 11:11:16+00:00,shinaslatheef41,1588489047747358720,"Sherlock Holmes in the #EnolaHolmes is the worst ever Sherlock I have ever seen, ever read... It's not about the physical appearances ...it lacks the characteristics of Arthur Conan Doyle's Sherlock Holmes in every way."
24,2022-11-04 11:10:35+00:00,upflixpl,1588488876729012225,"https://t.co/8ZpPPBc4zO Netflix | 3 tytu≈Çy dodane, nowe odcinki, 1 tytu≈Ç usuniƒôty #EnolaHolmes2 #EnolaHolmes #Manifest #upflixCoNowego #netflix #upflix"
25,2022-11-04 11:09:52+00:00,dlpbtyu,1588488694151139328,#HOLMESBURY NATION WE JUST FUCKING WONNN. ENOLA &amp; TEWKSBURY KISS (SPOILER) #EnolaHolmes2 #EnolaHolmes https://t.co/N1H1gnW5Lp
26,2022-11-04 11:09:51+00:00,riaxoxxx,1588488690812465152,"""YOU LOVE ME.
and as it turns out,
I LOVE YOU TOO.""

HELPPPPPPüò≠üíñüíñüíñüíñ

#EnolaHomes2 #EnolaHolmes https://t.co/oI7ZHDlnIK"
27,2022-11-04 11:07:45+00:00,Bajaj_Finserv,1588488165106782208,"A wise man once said no investment is little!

#EnolaHolmes #Investment #BajajFinserv #BajajFinance https://t.co/oYlEx0mRwd"
28,2022-11-04 11:05:18+00:00,backtolife_22,1588487545931038720,"Oh, I am correct. I predicted that the missing girl is the lady in the ball. I really love detective shows/films. #EnolaHolmes"
29,2022-11-04 11:02:04+00:00,BirFilmci,1588486732403589120,"Enol Holmes 2 yayƒ±nda
#EnolaHolmes #EnolaHomes2 https://t.co/yblzWt19Pw"
30,2022-11-04 10:59:53+00:00,thatguyfrank29,1588486183654686720,#EnolaHolmes time
31,2022-11-04 10:56:33+00:00,watchonline0,1588485343959207936,"""Enola Holmes 2 (2022)"" - Enola Holmes takes on her first official case to find a missing girl, as the sparks of a dangerous conspiracy ignite a mystery that requires the help of friends 

#EnolaHolmes, #EnolaHolmes2022, #watchEnolaHolmes, #watchEnolaHolmes2022 https://t.co/KKqGohhIYy"
32,2022-11-04 10:52:43+00:00,gleeshortcake,1588484378728235009,"holmesbury is coming home
#EnolaHomes2 #EnolaHolmes
https://t.co/tUGgzlZq7b"
33,2022-11-04 10:49:32+00:00,xenia_9755,1588483580715761664,"The day has come!
#EnolaHolmesNetflix #enolaholmes #enolaholmes2

@NetflixIT @netflix https://t.co/0ZHAdlew1m"
34,2022-11-04 10:49:22+00:00,HeeTetei,1588483537422135296,"No I am not surprised they gave the buildup for it like two times only to break it (frustrating) ü•πü•∫‚ù§Ô∏è

#HolmesBury #EnolaHolmes https://t.co/7eY8UWxFAN"
35,2022-11-04 10:43:47+00:00,Aileyn,1588482132430790658,"Moriarty finally makes sense to me. I hope there's a third one.
#EnolaHolmes"
36,2022-11-04 10:43:33+00:00,Sofibbrown,1588482074431950848,"The movie ""Enola Holmes 2"" is already on Netflix!

üìå woow

// #EnolaHolmes #EnolaHolmes2 // https://t.co/JOzi0dEcBG"
37,2022-11-04 10:43:12+00:00,BeSiriusPadfoot,1588481986917986306,"No I am not surprised they gave the buildup for it like two times only to break it (frustrating) ü•πü•∫‚ù§Ô∏è

#HolmesBury #EnolaHolmes https://t.co/7eY8UWxFAN"
38,2022-11-04 10:42:21+00:00,jeremylovesmill,1588481772538716160,Cuties üíï #EnolaHolmes https://t.co/4pyh2Gcb4K
39,2022-11-04 10:41:32+00:00,aviannnagay,1588481567005224960,#HOLMESBURY NATION WE JUST FUCKING WONNN. ENOLA &amp; TEWKSBURY KISS (SPOILER) #EnolaHolmes2 #EnolaHolmes https://t.co/N1H1gnW5Lp
40,2022-11-04 10:40:31+00:00,masteokai,1588481307931443201,"""YOU LOVE ME.
and as it turns out,
I LOVE YOU TOO.""

HELPPPPPPüò≠üíñüíñüíñüíñ

#EnolaHomes2 #EnolaHolmes https://t.co/oI7ZHDlnIK"
41,2022-11-04 10:40:26+00:00,Frenzi_Official,1588481289925320704,"#EnolaHolmes Season 2
Streaming on @NetflixIndia https://t.co/PowpY7ngjV"
42,2022-11-04 10:39:30+00:00,GilbertoBrenis,1588481053991346179,"Hoy regresa #EnolaHolmes
‚¨áÔ∏èDALE CLICK A LA LIGA‚¨áÔ∏è
https://t.co/cp64PaynGd https://t.co/OYze6Asy0u"
43,2022-11-04 10:39:15+00:00,andkimkaii,1588480990674313219,"""YOU LOVE ME.
and as it turns out,
I LOVE YOU TOO.""

HELPPPPPPüò≠üíñüíñüíñüíñ

#EnolaHomes2 #EnolaHolmes https://t.co/oI7ZHDlnIK"
44,2022-11-04 10:37:03+00:00,Laurendodd1989,1588480439584690176,"My girls being the best detectives London has ever seen, I love themüíêüíêüíê

Especially my princess Hannah I love youüíõüíõüíõüíõüíõ
#EnolaHolmes2 #EnolaholmesNetflix #EnolaHolmes #MillieBobbyBrown #Hannahdodd #AbbieHern https://t.co/kWP0jCypIg"
45,2022-11-04 10:35:48+00:00,LeisureByte,1588480122184687617,"Enola Holmes 2 Review: Enigmatic Mystery Unites the Detective Siblings
#EnolaHolmes2 #EnolaHolmes @Netflix #MillieBobbyBrown #HenryCavill #Sherlock Holmes https://t.co/kmGRlzcyCw"
46,2022-11-04 10:31:53+00:00,ThisIsGSage23,1588479138549141506,so i rewatched #EnolaHolmes #EnolaHolmes2020 and discovered i loved it still and my #HOLMESBURY #Tawksbury still so WOW like my mind-vision of #jurdan #JudeCardan fr #TheCruelPrince BUT  just seen #EnolaHolmes2 #EnolaHolmes2022 and I LOVE IT MORE/action/acting/humor/storylines‚ô• https://t.co/soh5tTd98K
47,2022-11-04 10:31:09+00:00,Felikis93,1588478950841675776,"Ya est√° disponible en @NetflixPelis @NetflixES @NetflixLAT ""Enola Holmes 2"" üîé

#EnolaHolmes2

Con Millie Bobby Brown como #EnolaHolmes y Henry Cavill como #SherlockHolmes (entre muchos otros)

https://t.co/ePDyZ3yUg0"
48,2022-11-04 10:30:57+00:00,HolmesWiki,1588478902095458304,"Ya est√° disponible en @NetflixPelis @NetflixES @NetflixLAT ""Enola Holmes 2"" üîé

#EnolaHolmes2

Con Millie Bobby Brown como #EnolaHolmes y Henry Cavill como #SherlockHolmes (entre muchos otros)

https://t.co/ePDyZ3yUg0"
49,2022-11-04 10:29:43+00:00,kipzs,1588478593390514176,"What to watch on Netflix, Disney+ Hotstar and Amazon Prime Video this weekend

#EnolaHolmes #BrahmastraOnHotstar #ManifestOnNetflix 

https://t.co/bTfReQaLNS"
50,2022-11-04 10:29:33+00:00,ppo0485,1588478551619407872,i believe in enola holmes and viscount tewksbury supremacy ‚ú® #EnolaHolmes https://t.co/QfVqcD3sUy
51,2022-11-04 10:26:24+00:00,hannaharchives_,1588477758363308037,Cuties üíï #EnolaHolmes https://t.co/4pyh2Gcb4K
52,2022-11-04 10:23:09+00:00,Solid_Snail,1588476939924299779,Happy #Releaseday! #EnolaHolmes2 #EnolaHolmes https://t.co/8zTqBA14rS
53,2022-11-04 10:19:37+00:00,ltibgtoit,1588476048244547585,#HOLMESBURY NATION WE JUST FUCKING WONNN. ENOLA &amp; TEWKSBURY KISS (SPOILER) #EnolaHolmes2 #EnolaHolmes https://t.co/N1H1gnW5Lp
54,2022-11-04 10:18:05+00:00,Jxvii_BM,1588475664700932097,"#EnolaHolmes2
#PrevEstreno

üü° ESTRENO üü°

La secuela de #EnolaHolmes ya est√° DISPONIBLE en @NetflixES. https://t.co/uVjkLybN3N"
55,2022-11-04 10:16:35+00:00,thailand_magic,1588475287909826560,"‡πÇ‡∏≠‡πâ‡∏¢‡∏¢‡∏¢‡∏¢‡∏¢‡∏™‡∏°‡∏Å‡∏≤‡∏£‡∏£‡∏≠‡∏Ñ‡∏≠‡∏¢‡∏à‡∏£‡∏¥‡∏á ‡∏™‡∏ô‡∏∏‡∏Å‡∏°‡∏≤‡∏Å‡∏Å‡∏Å‡∏Å‡∏Å‡∏Å !!!!!
‡∏£‡∏µ‡∏ß‡∏¥‡∏ß‡∏•‡πà‡∏≤‡∏™‡∏∏‡∏î ‡∏™‡∏î‡πÜ‡∏£‡πâ‡∏≠‡∏ô‡πÜ 
‡πÄ‡∏≠‡∏≤‡πÑ‡∏õ‡πÄ‡∏•‡∏¢‡∏Ñ‡∏∞‡πÅ‡∏ô‡∏ô 221‡∏∫B/10
‡∏†‡∏≤‡∏û‡∏¢‡∏ô‡∏ï‡∏£‡πå ‡∏ú‡∏à‡∏ç‡∏†‡∏±‡∏¢ ENOLA HOLMES 2

‡∏°‡∏µ 1 ‡πÄ‡∏≠‡∏ô‡πÄ‡∏Ñ‡∏£‡∏î‡∏¥‡∏ï ‡∏ô‡∏∞‡∏à‡πä‡∏∞ ‡πÄ‡∏ã‡∏≠‡∏£‡πå‡πÑ‡∏û‡∏£‡∏™‡πå‡πÅ‡∏ô‡πà‡∏ô‡∏≠‡∏ô !!!! ‡πÅ‡∏ü‡∏ô‡∏ô‡∏¥‡∏¢‡∏≤‡∏¢

#EnolaHolmes2 #EnolaHolmes #Netflix #NetflixTH
#MagicGirlsThailand #‡πÄ‡∏≠‡πÇ‡∏ô‡∏•‡∏≤‡πÇ‡∏Æ‡∏•‡πå‡∏°‡∏™‡πå #‡πÄ‡∏≠‡πÇ‡∏ô‡∏•‡πà‡∏≤‡πÇ‡∏Æ‡∏•‡πå‡∏°‡∏™‡πå https://t.co/XuGAo1R0eh"
56,2022-11-04 10:13:49+00:00,milsuphawest,1588474590015393793,"The day has come!
#EnolaHolmesNetflix #enolaholmes #enolaholmes2

@NetflixIT @netflix https://t.co/0ZHAdlew1m"
57,2022-11-04 10:11:47+00:00,DailyRapidNews,1588474077819424768,"https://t.co/4H1Byixf1I
#HenryCavill #millybobbybrown #EnolaHolmes2 #EnolaHolmes #friendship"
58,2022-11-04 10:11:22+00:00,SoftForHenry,1588473973121159169,"The day has come!
#EnolaHolmesNetflix #enolaholmes #enolaholmes2

@NetflixIT @netflix https://t.co/0ZHAdlew1m"
59,2022-11-04 10:09:37+00:00,PreviouslyFilmx,1588473534153887747,"#EnolaHolmes2
#PrevEstreno

üü° ESTRENO üü°

La secuela de #EnolaHolmes ya est√° DISPONIBLE en @NetflixES. https://t.co/uVjkLybN3N"
60,2022-11-04 10:06:12+00:00,borfried,1588472673671483392,This my pussy each time Tewkesbury smiles on screen: #EnolaHolmes #EnolaHolmes2 https://t.co/BWzvwZqIf5
61,2022-11-04 10:04:55+00:00,nautankitadka,1588472351620235264,"Louis Partridge is actually one of my favorite people in the #EnolaHolmes movie world. I had a fascinating conversation with him back in 2019 on the set of the original movie, and found him to be thoroughly human. I'm very glad indeed that he is back for the second movie. https://t.co/JuMFxhlLMA"
62,2022-11-04 10:02:24+00:00,tyunified,1588471717839929345,#EnolaHolmes https://t.co/edBzQUbePT
63,2022-11-04 09:58:24+00:00,mariacrizx,1588470711240495104,Behind the scenes of #EnolaHolmes 2 üòç https://t.co/hwOWLP4siw
64,2022-11-04 09:58:17+00:00,05YFEDhX7tTeoPd,1588470681586761729,"‡∏™‡∏¥‡πâ‡∏ô‡∏™‡∏∏‡∏î‡∏Å‡∏≤‡∏£‡∏£‡∏≠‡∏Ñ‡∏≠‡∏¢ ‡∏ñ‡∏∂‡∏á‡πÄ‡∏ß‡∏•‡∏≤‡∏õ‡πà‡∏ß‡∏ô ‡∏™‡∏ï‡∏£‡∏µ‡∏°‡∏°‡∏¥‡πà‡∏á‡πÅ‡∏•‡πâ‡∏ß ‡∏ï‡∏≠‡∏ô‡∏ô‡∏µ‡πâ !!!!!!!
‡∏†‡∏≤‡∏û‡∏¢‡∏ô‡∏ï‡∏£‡πå ‡∏ú‡∏à‡∏ç‡∏†‡∏±‡∏¢ ENOLA HOLMES 2
‡∏û‡∏£‡πâ‡∏≠‡∏°‡πÅ‡∏•‡πâ‡∏ß ‡πÅ‡∏ö‡∏ö‡∏û‡∏≤‡∏Å‡∏¢‡πå‡πÑ‡∏ó‡∏¢‡πÅ‡∏•‡∏∞‡∏ã‡∏±‡∏ö‡πÑ‡∏ó‡∏¢ ‡∏ö‡∏ô‚Äã Netflix
.
#EnolaHolmes2 #EnolaHolmes #Netflix #NetflixTH
#MagicGirlsThailand #‡πÄ‡∏≠‡πÇ‡∏ô‡∏•‡∏≤‡πÇ‡∏Æ‡∏•‡πå‡∏°‡∏™‡πå #‡πÄ‡∏≠‡πÇ‡∏ô‡∏•‡πà‡∏≤‡πÇ‡∏Æ‡∏•‡πå‡∏°‡∏™‡πå https://t.co/ZUCUhRFZPT"
65,2022-11-04 09:56:05+00:00,deaanerystrgryn,1588470128064475136,uWu #EnolaHolmes https://t.co/6K6aZeqiti
66,2022-11-04 09:54:57+00:00,NSgoble,1588469841002123264,"‡∏î‡∏≥‡πÄ‡∏ô‡∏¥‡∏ô‡πÄ‡∏£‡∏∑‡πà‡∏≠‡∏á‡∏™‡∏ô‡∏∏‡∏Å‚Äã ‡∏†‡∏≤‡∏û‡∏™‡∏ß‡∏¢ ‡πÄ‡∏Å‡πá‡∏ö‡∏à‡∏ö‡∏°‡πâ‡∏ß‡∏ô‡πÄ‡∏î‡∏µ‡∏¢‡∏ß‚Äã ‡∏´‡∏¢‡∏¥‡∏ö‡∏õ‡∏£‡∏∞‡πÄ‡∏î‡πá‡∏ô‡∏ï‡πà‡∏≤‡∏á‡πÜ‡∏°‡∏≤‡∏ó‡∏µ‡∏•‡∏∞‡∏ô‡∏¥‡∏î‚Äã ‡πÑ‡∏Ç‡∏Ñ‡∏î‡∏µ‡πÉ‡∏´‡πâ‡∏ä‡∏ß‡∏ô‡∏ï‡∏¥‡∏î‡∏ï‡∏≤‡∏°‚Äã ‡πÑ‡∏î‡πâ‡∏Ñ‡∏¥‡∏î‡∏ï‡∏≤‡∏°‡πÑ‡∏õ‡∏î‡πâ‡∏ß‡∏¢‡πÄ‡∏≠‡πà‡∏≠‡πÄ‡∏Å‡πà‡∏á‡πÄ‡∏ô‡∏≠‡∏∞ ‡∏•‡∏∞‡πÅ‡∏°‡πà‡∏Å‡∏±‡∏ö‡πÄ‡∏û‡∏∑‡πà‡∏≠‡∏ô‡∏Ñ‡∏∑‡∏≠‡∏ü‡∏≤‡∏î‡∏°‡∏≤‡∏Å55‚Äã ‡∏™‡πà‡∏ß‡∏ô‡∏•‡∏≠‡∏£‡πå‡∏î‡∏Å‡∏±‡∏ö‡πÄ‡∏≠‡∏ô‡πÇ‡∏ô‡∏Å‡πá‡∏ô‡πà‡∏≤‡∏£‡∏±‡∏Å‚Äã ""‡∏™‡∏∏‡∏î‡∏ó‡πâ‡∏≤‡∏¢‚Äã ‡πÅ‡∏™‡∏á‡πÑ‡∏ü‡∏ó‡∏µ‡πà‡∏™‡∏ß‡πà‡∏≤‡∏á‡∏à‡πâ‡∏≤‚Äã ‡∏Å‡∏≥‡πÄ‡∏ô‡∏¥‡∏î‡∏à‡∏≤‡∏Å‡∏õ‡∏£‡∏∞‡∏Å‡∏≤‡∏¢‡πÑ‡∏ü‡πÄ‡∏•‡πà‡∏°‡πÄ‡∏•‡πá‡∏Å‡πÄ‡∏û‡∏µ‡∏¢‡∏á‡∏ô‡∏¥‡∏î‡πÄ‡∏î‡∏µ‡∏¢‡∏ß""#EnolaHolmes‚Äã ‡∏ï‡∏≤‡∏°‡∏ï‡πà‡∏≠‡∏¢‡∏≤‡∏ß‡πÜ https://t.co/3VsiPzUnau"
67,2022-11-04 09:54:35+00:00,september00_,1588469749771796480,Behind the scenes of #EnolaHolmes 2 üòç https://t.co/hwOWLP4siw
68,2022-11-04 09:52:50+00:00,SaveMacgyver0,1588469309537673216,Holy shit that love confession in Enola Holmes 2 was everything. Good job Millie and Louis üíöüíöüíö#Enolaholmes
69,2022-11-04 09:51:00+00:00,briancantdieyet,1588468847073370112,"It never disappoints me.

#EnolaHolmes"
70,2022-11-04 09:48:00+00:00,IntrovertSuprme,1588468092438708224,"Now watching Enola Holmes 2. 
#Netflix #EnolaHolmes #HenryCavill #MillieBobbyBrown"
71,2022-11-04 09:47:10+00:00,Jayooowyd,1588467885500170241,"Sherlock is actually a good brother to enola. He always there for her no matter what, always wants to protect her and make sure she okay. He cares so much about her!!! Yes he can be ruff soemtimes with her but that‚Äôs how bigger brothers are.#EnolaHolmes #EnolaHolmes2"
72,2022-11-04 09:46:07+00:00,NAIIMINN28,1588467619673567232,‡πÄ‡∏≠‡πÇ‡∏ô‡∏•‡πà‡∏≤2‡∏´‡∏ô‡∏∏‡∏Å‡∏°‡∏≤‡∏Å‡∏Å‡∏Å‡∏Å‡∏Å‡∏Å‡∏Å ‡∏ï‡∏≠‡∏ô‡∏ó‡πâ‡∏≤‡∏¢‡∏°‡∏µ‡πÄ‡∏ã‡∏≠‡∏£‡πå‡πÑ‡∏û‡∏£‡∏™‡πå‡πÄ‡∏ö‡∏≤‡πÜ #EnolaHolmes #NetflixTH
73,2022-11-04 09:43:52+00:00,andkimkaii,1588467054012928003,"LU SEMUA HARUS NONTON #EnolaHolmes2 KARENA MAKIN SERU CERITANYA AAAAAüòç

#EnolaHolmes https://t.co/dWKo5aqSYp"
74,2022-11-04 09:42:03+00:00,IndiaTodayFLASH,1588466596645044225,"What to watch on Netflix, Disney+ Hotstar and Amazon Prime Video this weekend

#EnolaHolmes #BrahmastraOnHotstar #ManifestOnNetflix 

https://t.co/bTfReQaLNS"
75,2022-11-04 09:41:56+00:00,enjieLou,1588466568719003648,LMAOOO Enola and Tewkesbury confessing their love for each other is the most unromantic love confession I've ever witnessed in modern-day television! üòÇ #EnolaHolmes
76,2022-11-04 09:41:39+00:00,hannaharchives_,1588466496682217473,Behind the scenes of #EnolaHolmes 2 üòç https://t.co/hwOWLP4siw
77,2022-11-04 09:41:31+00:00,IndiaToday,1588466460183052288,"What to watch on Netflix, Disney+ Hotstar and Amazon Prime Video this weekend

#EnolaHolmes #BrahmastraOnHotstar #ManifestOnNetflix 

https://t.co/bTfReQaLNS"
78,2022-11-04 09:40:17+00:00,hadeelt_,1588466151650381826,#EnolaHolmes this made me so happy
79,2022-11-04 09:39:53+00:00,ONLYANGEL0323,1588466051993698304,MY JOHNLOCK HEART IS FUCKING SCREAMING RN #EnolaHolmes
80,2022-11-04 09:39:09+00:00,Showbiz_IT,1588465867209445376,"What to watch on Netflix, Disney+ Hotstar and Amazon Prime Video this weekend

#EnolaHolmes #BrahmastraOnHotstar #ManifestOnNetflix 

https://t.co/bTfReQaLNS"
81,2022-11-04 09:36:27+00:00,beard71,1588465185341460484,Enola Holmes 2 is out today on #Netflix had a lovely day chasing #HenryCavill down the street trying to get an interview out of Sherlock. Check it out! #EnolaHolmes #EnolaHolmes2 #Actor #Superman https://t.co/KIOjrdzEQF
82,2022-11-04 09:35:26+00:00,rabbitgyu,1588464931284078594,"yuk yg mau nonton Enola Holmes bisaa order Netflix di aku ya
trusted dan bergaransi pastinya #ZonaUang #EnolaHolmes https://t.co/e9tchKA8Zs"
83,2022-11-04 09:31:28+00:00,giada_carboni,1588463931630256130,"The day has come!
#EnolaHolmesNetflix #enolaholmes #enolaholmes2

@NetflixIT @netflix https://t.co/0ZHAdlew1m"
84,2022-11-04 09:30:41+00:00,GiuliaLaurenza4,1588463734267473921,#HOLMESBURY NATION WE JUST FUCKING WONNN. ENOLA &amp; TEWKSBURY KISS (SPOILER) #EnolaHolmes2 #EnolaHolmes https://t.co/N1H1gnW5Lp
85,2022-11-04 09:30:08+00:00,_sharon_renee,1588463598732730369,Enola Holmes 2 10/10 #EnolaHolmes
86,2022-11-04 09:26:59+00:00,fdinaa_,1588462805933776896,Enola holmes bakal ada series ke 3 ga ya üò≠ asli lbh seru dari yg pertama krn scene sherlock/henry cavill banyak ditambah love line enola sama viscount tewkesburry sweet bgt üò≠ #EnolaHolmes
87,2022-11-04 09:26:35+00:00,itsdreness,1588462703596933123,Ayan may tEnola Holmes na! #EnolaHolmes
88,2022-11-04 09:26:02+00:00,aryanp_000,1588462564371226624,"#EnolaHolmes 2 is a step up from the first in all of the best ways. 

The story is fun, characters are always interesting and the action is super well done. A few weak story choices here and there - but overall it was such a great time. https://t.co/mR1oEpzdRb"
89,2022-11-04 09:20:41+00:00,yp1bb,1588461217685082112,#EnolaHolmes https://t.co/2eE7HTBPfE
90,2022-11-04 09:20:28+00:00,IsabellaFerna37,1588461165554053121,#EnolaHolmes gonna be so amazing! I just got a major feeling Enola gonna shock the entire world in #EnolaHolmes2 https://t.co/KCdZovUPnm
91,2022-11-04 09:20:00+00:00,IsabellaFerna37,1588461048687910912,We got them back let‚Äôs goooo. #HOLMESBURY #EnolaHolmes2 #EnolaHolmes https://t.co/jcRI85rNIw
92,2022-11-04 09:19:54+00:00,IsabellaFerna37,1588461020414365696,#HOLMESBURY ~ MY FAVESSSSS!!!!! they so perfect #EnolaHolmes2 #EnolaHolmes https://t.co/yUz77nXTwH
93,2022-11-04 09:19:06+00:00,IsabellaFerna37,1588460822472568833,#HOLMESBURY NATION WE JUST FUCKING WONNN. ENOLA &amp; TEWKSBURY KISS (SPOILER) #EnolaHolmes2 #EnolaHolmes https://t.co/N1H1gnW5Lp
94,2022-11-04 09:18:42+00:00,litratonijuan,1588460722140246016,May #EnolaHolmes 2 naaaa!
95,2022-11-04 09:17:52+00:00,IsabellaFerna37,1588460511133564930,I NEVER LOSE #EnolaHolmes #Holmesbury https://t.co/5aCjHwauoh
96,2022-11-04 09:17:43+00:00,Timmyboy65,1588460473137393664,"Onze favoriete speurneus is weer helemaal terug üïµÔ∏è‚Äç‚ôÄÔ∏è

#EnolaHolmes #EnolaHolmes2

https://t.co/c1fuGbxu17"
97,2022-11-04 09:17:38+00:00,Timmyboy65,1588460451880632322,Nieuw op #Netflix deze week #EnolaHolmes #Manifest #YoungRoyals en veel meer  https://t.co/169hKIEJFm https://t.co/mKu0cXZHZd
98,2022-11-04 09:16:52+00:00,le_friwi,1588460259588595712,Anyone else an #EnolaHolmes fan? Looking forward to watching #EnolaHolmes2 this arvo.
99,2022-11-04 09:16:24+00:00,kennethwilsonuk,1588460142194225152,"#EnolaHolmes 2 is fun if uneven, it‚Äôs first act is wasted for the most with re establishing who characters were from the first one (presumably for the people that didn‚Äôt see the first one) but once it settles in 30 mins or so in it‚Äôs pretty good 2nd act and 3rd act redeems it."
